run_id,condition,condition_label,model,model_label,seed,area_error_mean,area_error_std,boundary_f1_mean,boundary_f1_std,dice_ci_high,dice_ci_low,dice_mean,dice_std,iou_ci_high,iou_ci_low,iou_mean,iou_std,precision_mean,precision_std,recall_mean,recall_std,best_val_dice,generalization_gap
pure_real__segformer_b2__seed37,pure_real,Real only,segformer_b2,SegFormer-B2,37,0.008408339952403747,0.022780402412528735,0.8086432765495382,0.17887783519250894,0.7780963880800494,0.7057330935773626,0.7427178037243601,0.187425253769666,0.6562084502045346,0.5803794689830917,0.6188300106348503,0.19341845413871567,0.7018073291690895,0.2217687783476379,0.8442131975410794,0.1401954541032403,0.8313689653675929,0.08865116164323272
pure_real__smp_unetpp_effb4__seed101,pure_real,Real only,smp_unetpp_effb4,U-Net++,101,0.006277545434289225,0.015105009258988512,0.7928244787057096,0.2046753437093244,0.7606472371881016,0.6795649007218467,0.7215457126527823,0.20458841149970833,0.6348522792099711,0.5554424485734196,0.5958794389213188,0.2020673290507275,0.7449184858861457,0.2343433115896075,0.7476508374398813,0.19717346203441155,0.820053428650867,0.09850771599808461
pure_real__segformer_b2__seed13,pure_real,Real only,segformer_b2,SegFormer-B2,13,0.013657492682139524,0.03660387520740383,0.7886830084069116,0.19967034492790844,0.7622155977597411,0.6778054652938386,0.7213997207695456,0.21479730460530747,0.6417078313556586,0.5555009736497146,0.6000094170296175,0.21834432032256554,0.6678910067226249,0.25041931695514236,0.8669779633710537,0.1265505904687321,0.8352457497997587,0.11384602903021313
pure_real__segformer_b2__seed101,pure_real,Real only,segformer_b2,SegFormer-B2,101,0.011923030653019858,0.032008211607318704,0.7866386390357272,0.20373395795634777,0.7634596733331509,0.6766339916175481,0.7209938681512673,0.21795473832559975,0.6449319006354731,0.5554887179069343,0.6008325072041492,0.22300774747554314,0.6688465500403981,0.2541190498774571,0.8642483668388135,0.11791905675226398,0.8373931881357652,0.11639931998449793
pure_real__smp_deeplabv3plus_resnet50__seed101,pure_real,Real only,smp_deeplabv3plus_resnet50,DeepLabV3+,101,0.007414237194384721,0.017652316422730352,0.7713558272485832,0.21286148693912102,0.7442093746052421,0.6645025250060104,0.7052000007752184,0.20759445339091576,0.6161373929732802,0.5370155189418082,0.5766909639988387,0.20513184047873967,0.7032013848109874,0.23693120596898645,0.7700864467320193,0.18748337420548414,0.8018162521816411,0.09661625140642272
pure_real__smp_deeplabv3plus_resnet50__seed13,pure_real,Real only,smp_deeplabv3plus_resnet50,DeepLabV3+,13,0.0076468917022129036,0.015236128139184643,0.7651700354145894,0.2150868434973176,0.7408758326935806,0.6609173574770609,0.7022486887270373,0.20965421564141706,0.6127104165778214,0.5328692628573473,0.5739770177510105,0.20889917741717565,0.6845613331503176,0.23549063553082245,0.7857913153789485,0.20017639412598032,0.7930044185220598,0.09075572979502255
pure_real__smp_fpn_effb3__seed101,pure_real,Real only,smp_fpn_effb3,FPN,101,0.005094438494876455,0.006609981977760941,0.775119334982113,0.19180420180425367,0.7363527631226046,0.655926400994866,0.6971773899764938,0.20076440142884625,0.6038206676634718,0.5255435841199488,0.5649181170298964,0.1986605154056994,0.7259407758514598,0.21574551276068063,0.7234216196936671,0.21815356252861842,0.8110696809237374,0.11389229094724362
pure_real__smp_unetpp_effb4__seed13,pure_real,Real only,smp_unetpp_effb4,U-Net++,13,0.006939287928792791,0.013247449565118318,0.7652578496125093,0.22587242633569046,0.7397512821435256,0.6495342685532022,0.6960844714400253,0.22702817886583723,0.6133788357244564,0.5265865799168277,0.5711257742555674,0.21968015669432497,0.7042556097713963,0.2550154689936804,0.7556444096893525,0.2170484362374823,0.8234825937426304,0.12739812230260517
